Case ID,Case Name,Case Text,Key Points
1,Murder Case,"On the night of March 15th, 2023, Mr. John Doe, aged 45, was found deceased in his apartment at 123 Elm Street. The autopsy report indicated blunt force trauma to the head as the cause of death. The suspect, Mr. James Smith, aged 30, was apprehended near the crime scene. Smith has a history of violent behavior and a long-standing dispute with the victim over financial matters. During interrogation, Smith confessed to the murder, citing anger and financial desperation as motives. Smith's childhood was marked by severe financial hardships and domestic violence, which may have contributed to his behavior. He reported having thoughts of violence since early adulthood, particularly triggered by financial stress.","- Date of murder: March 15th, 2023.
- Victim: John Doe, aged 45.
- Victim's details: Found deceased in his apartment at 123 Elm Street.
- Cause of death: Blunt force trauma to the head.
- Suspect: James Smith, aged 30.
- Suspect apprehended near crime scene.
- Suspect's motive: Financial dispute and anger.
- Suspect's background: Severe financial hardships and domestic violence in childhood.
- Suspect's thoughts: Reported thoughts of violence since early adulthood, triggered by financial stress."
2,Fraud Investigation,"The case involves allegations of financial fraud at XYZ Corporation. Over a period of three years (2019-2022), internal audits and whistleblower reports identified discrepancies in financial records, indicating embezzlement by senior management. Key evidence includes forged invoices and offshore bank accounts linked to the suspects. Legal proceedings are ongoing, with a focus on recovering assets and holding accountable those involved in the fraud scheme. One of the suspects, Mr. Robert Johnson, aged 50, grew up in an environment where financial success was highly emphasized. He admitted to feeling immense pressure to achieve wealth, which influenced his decision to commit fraud.","- Duration of fraud: 2019-2022.
- Fraud scheme uncovered at XYZ Corp.
- Key evidence: Forged invoices, offshore accounts.
- Ongoing legal proceedings.
- Suspect: Robert Johnson, aged 50.
- Suspect's background: Grew up with high emphasis on financial success, felt pressured to achieve wealth.
- Suspect's thoughts: Admitted to feeling immense pressure to achieve wealth, influenced decision to commit fraud."
